Date,First Team,Second Team,Stadium
"Sun, May 19 - 7:00 PM",RR,KKR,Barsapara Cricket Stadium • Guwahati
" Sun, May 19 - 3:00 PM ",PBKS,SRH,Rajiv Gandhi International Stadium • Hyderabad 
" Sat, May 18 - 7:00 PM ",RCB,CSK,M.Chinnaswamy Stadium • Bengaluru 
" Fri, May 17 - 7:00 PM ",LSG,MI,Wankhede Stadium • Mumbai 
"Thu, May 16 - 7:00 PM",SRH,GT,Rajiv Gandhi International Stadium • Hyderabad 
" Wed, May 15 - 7:00 PM ",RR,PBKS,Barsapara Cricket Stadium • Guwahati
" Tue, May 14 - 7:00 PM ",DC,LSG,Arun Jaitley Stadium • Delhi 
"Mon, May 13 - 7:00 PM",GT,KKR,Narendra Modi Stadium • Ahmedabad 
" Sun, May 12 - 7:00 PM ", RCB , DC ,M.Chinnaswamy Stadium • Bengaluru 
" Sun, May 12 - 3:00 PM ", RR , CSK ,MA Chidambaram Stadium • Chennai 
" Sat, May 11 - 7:00 PM ", KKR , MI ,Eden Gardens • Kolkata 
" Fri, May 10 - 7:00 PM ", GT , CSK ,Narendra Modi Stadium • Ahmedabad 
" Thu, May 9 - 7:00 PM ", RCB , PBKS ,Himachal Pradesh Cricket Association Stadium • Dharamsala 
" Wed, May 8 - 7:00 PM ", LSG , SRH ,Rajiv Gandhi International Stadium • Hyderabad 
" Tue, May 7 - 7:00 PM ", DC , RR ,Arun Jaitley Stadium • Delhi 
" Mon, May 6 - 7:00 PM ", SRH , MI ,Wankhede Stadium • Mumbai 
" Sun, May 5 - 7:00 PM ", KKR , LSG ,Bharat Ratna Shri Atal Bihari Vajpayee Ekana Cricket Stadium • Lucknow 
" Sun, May 5 - 3:00 PM ", CSK , PBKS ,Himachal Pradesh Cricket Association Stadium • Dharamsala 
" Sat, May 4 - 7:00 PM ", GT , RCB ,M.Chinnaswamy Stadium • Bengaluru 
" Fri, May 3 - 7:00 PM ", KKR , MI ,Wankhede Stadium • Mumbai 
" Thu, May 2 - 7:00 PM ", SRH , RR ,Rajiv Gandhi International Stadium • Hyderabad 
" Wed, May 1 - 7:00 PM ", CSK , PBKS ,MA Chidambaram Stadium • Chennai 
" Tue, Apr 30 - 7:00 PM ", MI , LSG ,Bharat Ratna Shri Atal Bihari Vajpayee Ekana Cricket Stadium • Lucknow 
" Mon, Apr 29 - 7:00 PM ", DC , KKR ,Eden Gardens • Kolkata 
" Sun, Apr 28 - 7:00 PM ", CSK , SRH ,MA Chidambaram Stadium • Chennai 
" Sun, Apr 28 - 3:00 PM ", GT , RCB ,Narendra Modi Stadium • Ahmedabad 
" Sat, Apr 27 - 7:00 PM ", LSG , RR ,Bharat Ratna Shri Atal Bihari Vajpayee Ekana Cricket Stadium • Lucknow 
" Sat, Apr 27 - 3:00 PM ", DC , MI ,Arun Jaitley Stadium • Delhi 
" Fri, Apr 26 - 7:00 PM ", KKR , PBKS ,Eden Gardens • Kolkata 
" Thu, Apr 25 - 7:00 PM ", RCB , SRH ,Rajiv Gandhi International Stadium • Hyderabad 
" Wed, Apr 24 - 7:00 PM ", DC , GT ,Arun Jaitley Stadium • Delhi 
" Tue, Apr 23 - 7:00 PM ", CSK , LSG ,MA Chidambaram Stadium • Chennai 
" Mon, Apr 22 - 7:00 PM ", MI , RR ,Sawai Mansingh Stadium • Jaipur 
" Sun, Apr 21 - 7:00 PM ", PBKS , GT ,Maharaja Yadavindra Singh International Cricket Stadium • Chandigarh 
" Sun, Apr 21 - 3:00 PM ", KKR , RCB ,Eden Gardens • Kolkata 
" Sat, Apr 20 - 7:00 PM ", SRH , DC ,Arun Jaitley Stadium • Delhi 
" Fri, Apr 19 - 7:00 PM ", CSK , LSG ,Bharat Ratna Shri Atal Bihari Vajpayee Ekana Cricket Stadium • Lucknow 
" Thu, Apr 18 - 7:00 PM ", MI , PBKS ,Maharaja Yadavindra Singh International Cricket Stadium • Chandigarh 
" Wed, Apr 17 - 7:00 PM ", GT , DC ,Narendra Modi Stadium • Ahmedabad 
" Tue, Apr 16 - 7:00 PM ", KKR , RR ,Eden Gardens • Kolkata 
" Mon, Apr 15 - 7:00 PM ", SRH , RCB ,M.Chinnaswamy Stadium • Bengaluru 
" Sun, Apr 14 - 7:00 PM ", CSK , MI ,Wankhede Stadium • Mumbai 
" Sun, Apr 14 - 3:00 PM ", LSG , KKR ,Eden Gardens • Kolkata 
" Sat, Apr 13 - 7:00 PM ", PBKS , RR ,Maharaja Yadavindra Singh International Cricket Stadium • Chandigarh 
" Fri, Apr 12 - 7:00 PM ", LSG , DC ,Bharat Ratna Shri Atal Bihari Vajpayee Ekana Cricket Stadium • Lucknow 
" Thu, Apr 11 - 7:00 PM ", RCB , MI ,Wankhede Stadium • Mumbai 
" Wed, Apr 10 - 7:00 PM ", RR , GT ,Sawai Mansingh Stadium • Jaipur 
" Tue, Apr 9 - 7:00 PM ", SRH , PBKS ,Maharaja Yadavindra Singh International Cricket Stadium • Chandigarh 
" Mon, Apr 8 - 7:00 PM ", KKR , CSK ,MA Chidambaram Stadium • Chennai 
" Sun, Apr 7 - 7:00 PM ", LSG , GT ,Bharat Ratna Shri Atal Bihari Vajpayee Ekana Cricket Stadium • Lucknow 
" Sun, Apr 7 - 3:00 PM ", MI , DC ,Wankhede Stadium • Mumbai 
" Sat, Apr 6 - 7:00 PM ", RCB , RR ,Sawai Mansingh Stadium • Jaipur 
" Fri, Apr 5 - 7:00 PM ", CSK , SRH ,Rajiv Gandhi International Stadium • Hyderabad 
" Thu, Apr 4 - 7:00 PM ", GT , PBKS ,Narendra Modi Stadium • Ahmedabad 
" Wed, Apr 3 - 7:00 PM ", KKR , DC ,Dr. Y.S. Rajasekhara Reddy ACA-VDCA Cricket Stadium • Visakhapatnam 
" Tue, Apr 2 - 7:00 PM ", LSG , RCB ,M.Chinnaswamy Stadium • Bengaluru 
" Mon, Apr 1 - 7:00 PM ", MI , RR ,Wankhede Stadium • Mumbai 
" Sun, Mar 31 - 7:00 PM ", DC , CSK ,Dr. Y.S. Rajasekhara Reddy ACA-VDCA Cricket Stadium • Visakhapatnam 
" Sun, Mar 31 - 3:00 PM ", SRH , GT ,Narendra Modi Stadium • Ahmedabad 
" Sat, Mar 30 - 7:00 PM ", LSG , PBKS ,Bharat Ratna Shri Atal Bihari Vajpayee Ekana Cricket Stadium • Lucknow 
" Fri, Mar 29 - 7:00 PM ", RCB , KKR ,M.Chinnaswamy Stadium • Bengaluru 
" Thu, Mar 28 - 7:00 PM ", RR , DC ,Sawai Mansingh Stadium • Jaipur 
" Wed, Mar 27 - 7:00 PM ", SRH , MI ,Rajiv Gandhi International Stadium • Hyderabad 
" Tue, Mar 26 - 7:00 PM ", CSK , GT ,MA Chidambaram Stadium • Chennai 
" Mon, Mar 25 - 7:00 PM ", PBKS , RCB ,M.Chinnaswamy Stadium • Bengaluru 
" Sun, Mar 24 - 7:00 PM ", GT , MI ,Narendra Modi Stadium • Ahmedabad 
" Sun, Mar 24 - 3:00 PM ", RR , LSG ,Sawai Mansingh Stadium • Jaipur 
" Sat, Mar 23 - 7:00 PM ", KKR , SRH ,Eden Gardens • Kolkata 
" Sat, Mar 23 - 3:00 PM ", DC , PBKS ,Maharaja Yadavindra Singh International Cricket Stadium • Chandigarh 
" Fri, Mar 22 - 8:00 PM ", RCB , CSK ,MA Chidambaram Stadium • Chennai 
